round,global_acc,global_loss
1,0.4965753424657534,0.6769202065794435
2,0.5342465753424658,0.6525741733916818
3,0.660958904109589,0.610902242464562
4,0.7054794520547946,0.5626042011665972
5,0.7363013698630136,0.5182829409429471
6,0.773972602739726,0.5009241643017286
7,0.815068493150685,0.5079575507608178
8,0.8082191780821918,0.5192398232956456
9,0.815068493150685,0.5424383711324979
