round,global_acc,global_loss
1,0.4965753424657534,0.6689527843096484
2,0.5753424657534246,0.629152146104264
3,0.6815068493150684,0.571382268650891
4,0.702054794520548,0.5234085329591411
5,0.7328767123287672,0.5040304293371227
6,0.75,0.4998636298800168
7,0.7602739726027398,0.5068665034558675
8,0.7705479452054794,0.5234578884627721
9,0.7705479452054794,0.5512810177999
