round,global_acc,global_loss
1,0.4965753424657534,0.6689527843096484
2,0.5753424657534246,0.629152138755746
3,0.6815068493150684,0.5713822678343891
4,0.702054794520548,0.5234085333673921
5,0.7328767123287672,0.5040304236216088
6,0.75,0.49986364682243295
7,0.7602739726027398,0.5068664873299533
8,0.7705479452054794,0.5234579076505688
9,0.7705479452054794,0.5512809749335459
