round,global_acc,global_loss
1,0.4965753424657534,0.676920186983396
2,0.5342465753424658,0.6525741856392115
3,0.660958904109589,0.6109022555285937
4,0.7054794520547946,0.5626041938180792
5,0.7363013698630136,0.5182829282871665
6,0.773972602739726,0.5009241618522225
7,0.815068493150685,0.5079575344307782
8,0.8082191780821918,0.5192398363596773
9,0.815068493150685,0.54243836786649
